"","document","topic","gamma","outlet","date"
"1","text37",1,0.409424566615425,"abcnews","2018-10-27"
"2","text322",1,0.438239443473719,"breitbart","2018-10-27"
"3","text938",1,0.408314428024031,"dailykos","2018-10-27"
"4","text949",1,0.578511228583789,"dailykos","2018-10-27"
"5","text955",1,0.864501959414832,"dailykos","2018-10-27"
"6","text1130",1,0.971619287903376,"foxnews","2018-10-27"
"7","text1572",1,0.879662689492856,"huffingtonpost","2018-10-27"
"8","text2086",1,0.958473800843194,"newsweek","2018-10-27"
"9","text2351",1,0.852080555327821,"newyorker","2018-10-27"
"10","text2422",1,0.626451720570074,"nytimes","2018-10-27"
"11","text2432",1,0.322657353899869,"nytimes","2018-10-27"
"12","text2772",1,0.761569367703832,"politico","2018-10-27"
"13","text3028",1,0.841897681167832,"thinkprogress","2018-10-27"
"14","text3072",1,0.469135987691505,"townhall","2018-10-27"
"15","text3073",1,0.614789229223208,"townhall","2018-10-27"
"16","text3154",1,0.706419621481808,"washingtonpost","2018-10-27"
"17","text3173",1,0.335737878584564,"washingtonpost","2018-10-27"
"18","text3176",1,0.844647060970343,"washingtonpost","2018-10-27"
"19","text3178",1,0.893907106088854,"washingtonpost","2018-10-27"
"20","text3241",1,0.893762654843335,"washingtonpost","2018-10-27"
"21","text3368",1,0.917537787466064,"wallstreetjournal","2018-10-27"
"22","text382",2,0.623323060495425,"breitbart","2018-10-27"
"23","text1565",2,0.56890174222495,"huffingtonpost","2018-10-27"
"24","text1839",2,0.631626391248103,"infowars","2018-10-27"
"25","text1841",2,0.852543282516735,"infowars","2018-10-27"
"26","text1846",2,0.385359207917129,"infowars","2018-10-27"
"27","text1851",2,0.866090355116423,"infowars","2018-10-27"
"28","text1858",2,0.728389648517745,"infowars","2018-10-27"
"29","text1865",2,0.765207762840232,"infowars","2018-10-27"
"30","text1867",2,0.872420103264883,"infowars","2018-10-27"
"31","text2060",2,0.757082332254222,"newsweek","2018-10-27"
"32","text18",3,0.464642919081151,"abcnews","2018-10-27"
"33","text318",3,0.631630398201405,"breitbart","2018-10-27"
"34","text344",3,0.432645508169416,"breitbart","2018-10-27"
"35","text356",3,0.753075940087807,"breitbart","2018-10-27"
"36","text378",3,0.409993689400923,"breitbart","2018-10-27"
"37","text650",3,0.787894004738507,"cnbc","2018-10-27"
"38","text935",3,0.775361849656504,"dailykos","2018-10-27"
"39","text936",3,0.910259961150057,"dailykos","2018-10-27"
"40","text958",3,0.446541249948285,"dailykos","2018-10-27"
"41","text1034",3,0.766014902708286,"foxnews","2018-10-27"
"42","text1042",3,0.631365244314608,"foxnews","2018-10-27"
"43","text1051",3,0.949251864391838,"foxnews","2018-10-27"
"44","text1057",3,0.914402722780445,"foxnews","2018-10-27"
"45","text1058",3,0.716705789484658,"foxnews","2018-10-27"
"46","text1064",3,0.886034254850964,"foxnews","2018-10-27"
"47","text1065",3,0.868619867014138,"foxnews","2018-10-27"
"48","text1075",3,0.836356481655146,"foxnews","2018-10-27"
"49","text1092",3,0.625194271539211,"foxnews","2018-10-27"
"50","text1118",3,0.860691259708802,"foxnews","2018-10-27"
"51","text1122",3,0.55706129117679,"foxnews","2018-10-27"
"52","text1137",3,0.668556354550886,"foxnews","2018-10-27"
"53","text1584",3,0.891722846085149,"huffingtonpost","2018-10-27"
"54","text1587",3,0.545309468235319,"huffingtonpost","2018-10-27"
"55","text1612",3,0.826090905570426,"huffingtonpost","2018-10-27"
"56","text1618",3,0.543419753613514,"huffingtonpost","2018-10-27"
"57","text1622",3,0.430601473643357,"huffingtonpost","2018-10-27"
"58","text1628",3,0.712158752075932,"huffingtonpost","2018-10-27"
"59","text1835",3,0.639113073633683,"infowars","2018-10-27"
"60","text1990",3,0.806443363154932,"motherjones","2018-10-27"
"61","text2002",3,0.734934595697406,"motherjones","2018-10-27"
"62","text2051",3,0.43962997133542,"newsweek","2018-10-27"
"63","text2052",3,0.880300206619079,"newsweek","2018-10-27"
"64","text2057",3,0.475230427058804,"newsweek","2018-10-27"
"65","text2063",3,0.478727073834373,"newsweek","2018-10-27"
"66","text2408",3,0.898288030441022,"nytimes","2018-10-27"
"67","text2464",3,0.650386398699801,"nytimes","2018-10-27"
"68","text2468",3,0.621016407020029,"nytimes","2018-10-27"
"69","text2774",3,0.784257522565244,"politico","2018-10-27"
"70","text2844",3,0.901114566154897,"thehill","2018-10-27"
"71","text2845",3,0.807528774743226,"thehill","2018-10-27"
"72","text2848",3,0.457962077724511,"thehill","2018-10-27"
"73","text2849",3,0.732433184596384,"thehill","2018-10-27"
"74","text2859",3,0.62532844888395,"thehill","2018-10-27"
"75","text3019",3,0.688558513866631,"thinkprogress","2018-10-27"
"76","text3020",3,0.3959896225262,"thinkprogress","2018-10-27"
"77","text3179",3,0.401352941874945,"washingtonpost","2018-10-27"
"78","text3185",3,0.534119103259778,"washingtonpost","2018-10-27"
"79","text16",4,0.560468965183511,"abcnews","2018-10-27"
"80","text73",4,0.444164571669583,"abcnews","2018-10-27"
"81","text77",4,0.564496818584312,"abcnews","2018-10-27"
"82","text90",4,0.686441741383956,"abcnews","2018-10-27"
"83","text343",4,0.546983684124402,"breitbart","2018-10-27"
"84","text345",4,0.444434785543338,"breitbart","2018-10-27"
"85","text358",4,0.558613709119604,"breitbart","2018-10-27"
"86","text386",4,0.488555880067262,"breitbart","2018-10-27"
"87","text674",4,0.460949426932678,"cnbc","2018-10-27"
"88","text1067",4,0.574782335763987,"foxnews","2018-10-27"
"89","text1111",4,0.564615781924759,"foxnews","2018-10-27"
"90","text1134",4,0.677838414460813,"foxnews","2018-10-27"
"91","text1147",4,0.572474684931407,"foxnews","2018-10-27"
"92","text1149",4,0.501470504228494,"foxnews","2018-10-27"
"93","text1150",4,0.460144169861045,"foxnews","2018-10-27"
"94","text1284",4,0.676095988390933,"foxnews","2018-10-27"
"95","text1588",4,0.342279793889505,"huffingtonpost","2018-10-27"
"96","text1594",4,0.491053284916338,"huffingtonpost","2018-10-27"
"97","text1621",4,0.682971776632361,"huffingtonpost","2018-10-27"
"98","text1630",4,0.343631034874782,"huffingtonpost","2018-10-27"
"99","text1993",4,0.417365348317485,"motherjones","2018-10-27"
"100","text2068",4,0.657671808873344,"newsweek","2018-10-27"
"101","text2069",4,0.623226149364196,"newsweek","2018-10-27"
"102","text2434",4,0.577675889538104,"nytimes","2018-10-27"
"103","text2610",4,0.576739036125059,"nytimes","2018-10-27"
"104","text2794",4,0.688807125866794,"politico","2018-10-27"
"105","text2856",4,0.419050899893508,"thehill","2018-10-27"
"106","text3017",4,0.552422879380255,"thinkprogress","2018-10-27"
"107","text3150",4,0.622288213414237,"washingtonpost","2018-10-27"
"108","text3174",4,0.550381872497568,"washingtonpost","2018-10-27"
"109","text74",5,0.688015737569296,"abcnews","2018-10-27"
"110","text76",5,0.397698698289436,"abcnews","2018-10-27"
"111","text354",5,0.896068996606521,"breitbart","2018-10-27"
"112","text951",5,0.422990763053014,"dailykos","2018-10-27"
"113","text1098",5,0.593487214751749,"foxnews","2018-10-27"
"114","text1116",5,0.562316018973243,"foxnews","2018-10-27"
"115","text1133",5,0.491723891432653,"foxnews","2018-10-27"
"116","text1153",5,0.487982909054913,"foxnews","2018-10-27"
"117","text1615",5,0.50203377903128,"huffingtonpost","2018-10-27"
"118","text1999",5,0.722299495202657,"motherjones","2018-10-27"
"119","text2050",5,0.734655968461517,"newsweek","2018-10-27"
"120","text2088",5,0.634624581651679,"newsweek","2018-10-27"
"121","text2099",5,0.884946384588408,"newsweek","2018-10-27"
"122","text2352",5,0.295488040554399,"newyorker","2018-10-27"
"123","text2358",5,0.367778031600897,"newyorker","2018-10-27"
"124","text2360",5,0.543263661578664,"newyorker","2018-10-27"
"125","text2362",5,0.60521952125666,"newyorker","2018-10-27"
"126","text2416",5,0.479452743448896,"nytimes","2018-10-27"
"127","text2475",5,0.52995123779044,"nytimes","2018-10-27"
"128","text3078",5,0.418730613636586,"townhall","2018-10-27"
"129","text3155",5,0.474118391339059,"washingtonpost","2018-10-27"
"130","text3169",5,0.632745641183427,"washingtonpost","2018-10-27"
"131","text3175",5,0.55583179177486,"washingtonpost","2018-10-27"
"132","text3187",5,0.395103715540158,"washingtonpost","2018-10-27"
"133","text3231",5,0.627498410854338,"washingtonpost","2018-10-27"
"134","text31",1,0.808061329855512,"abcnews","2018-10-28"
"135","text35",1,0.869774047741139,"abcnews","2018-10-28"
"136","text53",1,0.420679558077397,"abcnews","2018-10-28"
"137","text89",1,0.461575074358501,"abcnews","2018-10-28"
"138","text97",1,0.863187200416467,"abcnews","2018-10-28"
"139","text362",1,0.679469956223921,"breitbart","2018-10-28"
"140","text374",1,0.419231441312852,"breitbart","2018-10-28"
"141","text425",1,0.571155881126968,"breitbart","2018-10-28"
"142","text468",1,0.888147942515853,"breitbart","2018-10-28"
"143","text707",1,0.761124814818707,"cnbc","2018-10-28"
"144","text942",1,0.810902633680348,"dailykos","2018-10-28"
"145","text943",1,0.418379268056119,"dailykos","2018-10-28"
"146","text948",1,0.424936104740061,"dailykos","2018-10-28"
"147","text980",1,0.366132330956925,"dailykos","2018-10-28"
"148","text1123",1,0.534151626192135,"foxnews","2018-10-28"
"149","text1226",1,0.695212376750641,"foxnews","2018-10-28"
"150","text1272",1,0.605033293183246,"foxnews","2018-10-28"
"151","text1591",1,0.734718697945824,"huffingtonpost","2018-10-28"
"152","text1593",1,0.463357266634944,"huffingtonpost","2018-10-28"
"153","text1599",1,0.611231684098957,"huffingtonpost","2018-10-28"
"154","text1614",1,0.868588141820031,"huffingtonpost","2018-10-28"
"155","text1626",1,0.372676561579638,"huffingtonpost","2018-10-28"
"156","text2091",1,0.452549610507865,"newsweek","2018-10-28"
"157","text2444",1,0.847274835600835,"nytimes","2018-10-28"
"158","text2455",1,0.775433322784354,"nytimes","2018-10-28"
"159","text2466",1,0.426278554148001,"nytimes","2018-10-28"
"160","text2469",1,0.445626282884834,"nytimes","2018-10-28"
"161","text2482",1,0.433708352064251,"nytimes","2018-10-28"
"162","text2502",1,0.816052399811311,"nytimes","2018-10-28"
"163","text2514",1,0.910261275929415,"nytimes","2018-10-28"
"164","text2533",1,0.765460496719807,"nytimes","2018-10-28"
"165","text2550",1,0.778075251891077,"nytimes","2018-10-28"
"166","text2581",1,0.445626282884834,"nytimes","2018-10-28"
"167","text2583",1,0.613775163046264,"nytimes","2018-10-28"
"168","text2617",1,0.444644132097897,"nytimes","2018-10-28"
"169","text2798",1,0.837854261969376,"politico","2018-10-28"
"170","text3025",1,0.316090449037532,"thinkprogress","2018-10-28"
"171","text3026",1,0.488900727300667,"thinkprogress","2018-10-28"
"172","text3029",1,0.691753537040059,"thinkprogress","2018-10-28"
"173","text3167",1,0.716747961980971,"washingtonpost","2018-10-28"
"174","text3203",1,0.968883545635295,"washingtonpost","2018-10-28"
"175","text3207",1,0.311319534659671,"washingtonpost","2018-10-28"
"176","text3210",1,0.699304057427715,"washingtonpost","2018-10-28"
"177","text3220",1,0.393451580104474,"washingtonpost","2018-10-28"
"178","text3243",1,0.90934724725999,"washingtonpost","2018-10-28"
"179","text405",2,0.431600847214268,"breitbart","2018-10-28"
"180","text410",2,0.380393647566799,"breitbart","2018-10-28"
"181","text415",2,0.436001361084518,"breitbart","2018-10-28"
"182","text441",2,0.622181309542719,"breitbart","2018-10-28"
"183","text462",2,0.440522379721138,"breitbart","2018-10-28"
"184","text1597",2,0.504073353962944,"huffingtonpost","2018-10-28"
"185","text1853",2,0.494964518078279,"infowars","2018-10-28"
"186","text1856",2,0.449278579916153,"infowars","2018-10-28"
"187","text1857",2,0.606146627004036,"infowars","2018-10-28"
"188","text1862",2,0.424387819681073,"infowars","2018-10-28"
"189","text1864",2,0.788316958763327,"infowars","2018-10-28"
"190","text1868",2,0.804941398335311,"infowars","2018-10-28"
"191","text1879",2,0.789667050499912,"infowars","2018-10-28"
"192","text2878",2,0.3765014496872,"thehill","2018-10-28"
"193","text3088",2,0.555151474698886,"townhall","2018-10-28"
"194","text42",3,0.971302426377438,"abcnews","2018-10-28"
"195","text50",3,0.875010035762177,"abcnews","2018-10-28"
"196","text59",3,0.436309605804765,"abcnews","2018-10-28"
"197","text61",3,0.725477207834212,"abcnews","2018-10-28"
"198","text75",3,0.815674741017789,"abcnews","2018-10-28"
"199","text81",3,0.799185929019597,"abcnews","2018-10-28"
"200","text83",3,0.527115649042803,"abcnews","2018-10-28"
"201","text84",3,0.936476128209763,"abcnews","2018-10-28"
"202","text87",3,0.391942629890114,"abcnews","2018-10-28"
"203","text655",3,0.888225454354963,"cnbc","2018-10-28"
"204","text758",3,0.685228281955639,"cnbc","2018-10-28"
"205","text940",3,0.389901420949183,"dailykos","2018-10-28"
"206","text1103",3,0.562577306149917,"foxnews","2018-10-28"
"207","text1110",3,0.886030200107279,"foxnews","2018-10-28"
"208","text1112",3,0.857315176777646,"foxnews","2018-10-28"
"209","text1113",3,0.343936878198615,"foxnews","2018-10-28"
"210","text1117",3,0.935981342693515,"foxnews","2018-10-28"
"211","text1119",3,0.885034208994285,"foxnews","2018-10-28"
"212","text1120",3,0.97746690587998,"foxnews","2018-10-28"
"213","text1127",3,0.704840039304335,"foxnews","2018-10-28"
"214","text1131",3,0.615965265395875,"foxnews","2018-10-28"
"215","text1135",3,0.989517847848728,"foxnews","2018-10-28"
"216","text1136",3,0.974520416162267,"foxnews","2018-10-28"
"217","text1138",3,0.985525923434289,"foxnews","2018-10-28"
"218","text1139",3,0.989181678664268,"foxnews","2018-10-28"
"219","text1142",3,0.987852834377146,"foxnews","2018-10-28"
"220","text1164",3,0.418835473999507,"foxnews","2018-10-28"
"221","text1206",3,0.507588441303558,"foxnews","2018-10-28"
"222","text1210",3,0.983239378703051,"foxnews","2018-10-28"
"223","text1211",3,0.983239378703051,"foxnews","2018-10-28"
"224","text1247",3,0.562147370746879,"foxnews","2018-10-28"
"225","text1248",3,0.865558394631784,"foxnews","2018-10-28"
"226","text1258",3,0.37792536422288,"foxnews","2018-10-28"
"227","text1268",3,0.686030498526076,"foxnews","2018-10-28"
"228","text1278",3,0.604922521144879,"foxnews","2018-10-28"
"229","text1286",3,0.991971005794607,"foxnews","2018-10-28"
"230","text1347",3,0.99207387642751,"foxnews","2018-10-28"
"231","text1603",3,0.625939147881078,"huffingtonpost","2018-10-28"
"232","text1609",3,0.771420126937845,"huffingtonpost","2018-10-28"
"233","text1610",3,0.88343318157922,"huffingtonpost","2018-10-28"
"234","text1619",3,0.841192441359218,"huffingtonpost","2018-10-28"
"235","text1627",3,0.462050177033368,"huffingtonpost","2018-10-28"
"236","text1651",3,0.972487568123677,"huffingtonpost","2018-10-28"
"237","text1682",3,0.683900791723002,"huffingtonpost","2018-10-28"
"238","text1695",3,0.86237823902297,"huffingtonpost","2018-10-28"
"239","text1863",3,0.52351873473249,"infowars","2018-10-28"
"240","text1997",3,0.449825455521227,"motherjones","2018-10-28"
"241","text1998",3,0.476320290359687,"motherjones","2018-10-28"
"242","text2065",3,0.381841005891783,"newsweek","2018-10-28"
"243","text2080",3,0.357665665429018,"newsweek","2018-10-28"
"244","text2081",3,0.514237288616054,"newsweek","2018-10-28"
"245","text2082",3,0.491690330228651,"newsweek","2018-10-28"
"246","text2097",3,0.897765409162093,"newsweek","2018-10-28"
"247","text2381",3,0.564398037160261,"newyorker","2018-10-28"
"248","text2449",3,0.696286817446864,"nytimes","2018-10-28"
"249","text2467",3,0.543409049693403,"nytimes","2018-10-28"
"250","text2470",3,0.585651658232531,"nytimes","2018-10-28"
"251","text2472",3,0.759117496506327,"nytimes","2018-10-28"
"252","text2580",3,0.456458743931852,"nytimes","2018-10-28"
"253","text2585",3,0.678198293600298,"nytimes","2018-10-28"
"254","text2787",3,0.749939394801025,"politico","2018-10-28"
"255","text2788",3,0.459065375998574,"politico","2018-10-28"
"256","text2789",3,0.442034923024977,"politico","2018-10-28"
"257","text2861",3,0.77210804865969,"thehill","2018-10-28"
"258","text2868",3,0.617153969870775,"thehill","2018-10-28"
"259","text2869",3,0.675030771973131,"thehill","2018-10-28"
"260","text2883",3,0.661146554805499,"thehill","2018-10-28"
"261","text2890",3,0.320545550576105,"thehill","2018-10-28"
"262","text2891",3,0.787501044743557,"thehill","2018-10-28"
"263","text3021",3,0.630353975472095,"thinkprogress","2018-10-28"
"264","text3024",3,0.542459523745152,"thinkprogress","2018-10-28"
"265","text25",4,0.856154833364601,"abcnews","2018-10-28"
"266","text36",4,0.440187945319877,"abcnews","2018-10-28"
"267","text82",4,0.403376906989553,"abcnews","2018-10-28"
"268","text85",4,0.367225535318758,"abcnews","2018-10-28"
"269","text346",4,0.501456930704089,"breitbart","2018-10-28"
"270","text355",4,0.406345062457716,"breitbart","2018-10-28"
"271","text361",4,0.387243422517371,"breitbart","2018-10-28"
"272","text365",4,0.682685583354756,"breitbart","2018-10-28"
"273","text371",4,0.560882262891009,"breitbart","2018-10-28"
"274","text379",4,0.638810623709711,"breitbart","2018-10-28"
"275","text380",4,0.48170725221795,"breitbart","2018-10-28"
"276","text381",4,0.638041194021847,"breitbart","2018-10-28"
"277","text383",4,0.78357960596359,"breitbart","2018-10-28"
"278","text385",4,0.442806994002183,"breitbart","2018-10-28"
"279","text433",4,0.336320572179597,"breitbart","2018-10-28"
"280","text452",4,0.682685583354756,"breitbart","2018-10-28"
"281","text941",4,0.486092010465755,"dailykos","2018-10-28"
"282","text1079",4,0.53718513696613,"foxnews","2018-10-28"
"283","text1088",4,0.629144114572045,"foxnews","2018-10-28"
"284","text1090",4,0.592514276821421,"foxnews","2018-10-28"
"285","text1114",4,0.466696843549664,"foxnews","2018-10-28"
"286","text1115",4,0.455272197822904,"foxnews","2018-10-28"
"287","text1148",4,0.685000810971671,"foxnews","2018-10-28"
"288","text1151",4,0.667588475926783,"foxnews","2018-10-28"
"289","text1152",4,0.916612430373455,"foxnews","2018-10-28"
"290","text1297",4,0.629534960564853,"foxnews","2018-10-28"
"291","text1596",4,0.744898447455034,"huffingtonpost","2018-10-28"
"292","text1606",4,0.710257346599974,"huffingtonpost","2018-10-28"
"293","text1608",4,0.437162295554375,"huffingtonpost","2018-10-28"
"294","text1613",4,0.38587310668243,"huffingtonpost","2018-10-28"
"295","text1625",4,0.60436480218886,"huffingtonpost","2018-10-28"
"296","text1632",4,0.543093516687758,"huffingtonpost","2018-10-28"
"297","text1684",4,0.565136146774432,"huffingtonpost","2018-10-28"
"298","text2003",4,0.789093666209208,"motherjones","2018-10-28"
"299","text2066",4,0.503103236255725,"newsweek","2018-10-28"
"300","text2067",4,0.847551385006025,"newsweek","2018-10-28"
"301","text2093",4,0.635938397384909,"newsweek","2018-10-28"
"302","text2094",4,0.495339547927774,"newsweek","2018-10-28"
"303","text2361",4,0.490585632663583,"newyorker","2018-10-28"
"304","text2448",4,0.431749779565945,"nytimes","2018-10-28"
"305","text2479",4,0.490809310812964,"nytimes","2018-10-28"
"306","text2522",4,0.411843838051031,"nytimes","2018-10-28"
"307","text2609",4,0.614551288839893,"nytimes","2018-10-28"
"308","text2612",4,0.374524453179694,"nytimes","2018-10-28"
"309","text2777",4,0.437885515873985,"politico","2018-10-28"
"310","text2779",4,0.611391829609291,"politico","2018-10-28"
"311","text2786",4,0.621259475184,"politico","2018-10-28"
"312","text2855",4,0.517377267834671,"thehill","2018-10-28"
"313","text2860",4,0.440277654115171,"thehill","2018-10-28"
"314","text2863",4,0.663864438059008,"thehill","2018-10-28"
"315","text2864",4,0.728039885597818,"thehill","2018-10-28"
"316","text2865",4,0.663875170914458,"thehill","2018-10-28"
"317","text2866",4,0.668645211982591,"thehill","2018-10-28"
"318","text2867",4,0.8488069388671,"thehill","2018-10-28"
"319","text2870",4,0.780740994941556,"thehill","2018-10-28"
"320","text2872",4,0.68850538046484,"thehill","2018-10-28"
"321","text2874",4,0.738249102426976,"thehill","2018-10-28"
"322","text2875",4,0.40385084758257,"thehill","2018-10-28"
"323","text2877",4,0.9101335747995,"thehill","2018-10-28"
"324","text2879",4,0.870441538736207,"thehill","2018-10-28"
"325","text2880",4,0.724528988859544,"thehill","2018-10-28"
"326","text2893",4,0.816203082199279,"thehill","2018-10-28"
"327","text3162",4,0.308897714309625,"washingtonpost","2018-10-28"
"328","text3251",4,0.467283374296875,"washingtonpost","2018-10-28"
"329","text353",5,0.724257109811138,"breitbart","2018-10-28"
"330","text984",5,0.823235019380611,"dailykos","2018-10-28"
"331","text1109",5,0.292262307174338,"foxnews","2018-10-28"
"332","text1159",5,0.469387836133487,"foxnews","2018-10-28"
"333","text1642",5,0.517180088881198,"huffingtonpost","2018-10-28"
"334","text1855",5,0.603188559046693,"infowars","2018-10-28"
"335","text1861",5,0.713165009879533,"infowars","2018-10-28"
"336","text1869",5,0.694406469637246,"infowars","2018-10-28"
"337","text2000",5,0.534302605352551,"motherjones","2018-10-28"
"338","text2015",5,0.536235233654733,"motherjones","2018-10-28"
"339","text2070",5,0.420276261930254,"newsweek","2018-10-28"
"340","text2074",5,0.859925330316628,"newsweek","2018-10-28"
"341","text2077",5,0.431075885915481,"newsweek","2018-10-28"
"342","text2100",5,0.520085130181707,"newsweek","2018-10-28"
"343","text2450",5,0.941625343767002,"nytimes","2018-10-28"
"344","text2456",5,0.551661961371884,"nytimes","2018-10-28"
"345","text2526",5,0.952866230244476,"nytimes","2018-10-28"
"346","text2535",5,0.567929370882343,"nytimes","2018-10-28"
"347","text2556",5,0.437155245567738,"nytimes","2018-10-28"
"348","text2582",5,0.40810421187079,"nytimes","2018-10-28"
"349","text2862",5,0.554709241392189,"thehill","2018-10-28"
"350","text3161",5,0.539931527971672,"washingtonpost","2018-10-28"
"351","text3166",5,0.461246608428428,"washingtonpost","2018-10-28"
"352","text3170",5,0.326274342339737,"washingtonpost","2018-10-28"
"353","text3227",5,0.455875262227047,"washingtonpost","2018-10-28"
"354","text3238",5,0.54258079433976,"washingtonpost","2018-10-28"
"355","text3257",5,0.360166360721593,"washingtonpost","2018-10-28"
"356","text3263",5,0.344953330845653,"washingtonpost","2018-10-28"
"357","text95",1,0.880848260759338,"abcnews","2018-10-29"
"358","text174",1,0.394675662447259,"abcnews","2018-10-29"
"359","text177",1,0.332531188970358,"abcnews","2018-10-29"
"360","text179",1,0.58696214526425,"abcnews","2018-10-29"
"361","text184",1,0.489229327808914,"abcnews","2018-10-29"
"362","text230",1,0.912416373460146,"abcnews","2018-10-29"
"363","text246",1,0.525503509344317,"abcnews","2018-10-29"
"364","text414",1,0.361173768690799,"breitbart","2018-10-29"
"365","text457",1,0.542136949774707,"breitbart","2018-10-29"
"366","text490",1,0.54023131479348,"breitbart","2018-10-29"
"367","text499",1,0.664896104014512,"breitbart","2018-10-29"
"368","text536",1,0.369613182387842,"breitbart","2018-10-29"
"369","text539",1,0.491319187293957,"breitbart","2018-10-29"
"370","text543",1,0.595436771413537,"breitbart","2018-10-29"
"371","text547",1,0.764298890728622,"breitbart","2018-10-29"
"372","text701",1,0.764179374298085,"cnbc","2018-10-29"
"373","text973",1,0.813795359035865,"dailykos","2018-10-29"
"374","text1195",1,0.609929857581886,"foxnews","2018-10-29"
"375","text1200",1,0.320692892631667,"foxnews","2018-10-29"
"376","text1222",1,0.849220854070832,"foxnews","2018-10-29"
"377","text1270",1,0.349142024721357,"foxnews","2018-10-29"
"378","text1294",1,0.852627127828737,"foxnews","2018-10-29"
"379","text1312",1,0.947242889483537,"foxnews","2018-10-29"
"380","text1361",1,0.500770469098619,"foxnews","2018-10-29"
"381","text1365",1,0.63215642484986,"foxnews","2018-10-29"
"382","text1366",1,0.906047159282906,"foxnews","2018-10-29"
"383","text1373",1,0.459565741390284,"foxnews","2018-10-29"
"384","text1408",1,0.359596419023102,"foxnews","2018-10-29"
"385","text1633",1,0.454562059160007,"huffingtonpost","2018-10-29"
"386","text1640",1,0.45906539684967,"huffingtonpost","2018-10-29"
"387","text1673",1,0.709928313953848,"huffingtonpost","2018-10-29"
"388","text1677",1,0.597182916562943,"huffingtonpost","2018-10-29"
"389","text1679",1,0.336263839919557,"huffingtonpost","2018-10-29"
"390","text1690",1,0.272108982233256,"huffingtonpost","2018-10-29"
"391","text1694",1,0.433599665343584,"huffingtonpost","2018-10-29"
"392","text1716",1,0.955761030895931,"huffingtonpost","2018-10-29"
"393","text1793",1,0.440224747749815,"huffingtonpost","2018-10-29"
"394","text2013",1,0.701792699213292,"motherjones","2018-10-29"
"395","text2102",1,0.845557367721951,"newsweek","2018-10-29"
"396","text2105",1,0.832219645160937,"newsweek","2018-10-29"
"397","text2122",1,0.880105761928979,"newsweek","2018-10-29"
"398","text2124",1,0.341297326910693,"newsweek","2018-10-29"
"399","text2136",1,0.675776553859063,"newsweek","2018-10-29"
"400","text2152",1,0.565170323330098,"newsweek","2018-10-29"
"401","text2175",1,0.886236338267033,"newsweek","2018-10-29"
"402","text2363",1,0.753018608143061,"newyorker","2018-10-29"
"403","text2364",1,0.293100561926597,"newyorker","2018-10-29"
"404","text2365",1,0.850419888068465,"newyorker","2018-10-29"
"405","text2367",1,0.979109200494342,"newyorker","2018-10-29"
"406","text2371",1,0.921637427310484,"newyorker","2018-10-29"
"407","text2372",1,0.935104873459955,"newyorker","2018-10-29"
"408","text2373",1,0.941422111245757,"newyorker","2018-10-29"
"409","text2384",1,0.900737687665888,"newyorker","2018-10-29"
"410","text2388",1,0.405976527890062,"newyorker","2018-10-29"
"411","text2504",1,0.767178172577014,"nytimes","2018-10-29"
"412","text2512",1,0.877708377879543,"nytimes","2018-10-29"
"413","text2538",1,0.680449267989175,"nytimes","2018-10-29"
"414","text2544",1,0.517758127777526,"nytimes","2018-10-29"
"415","text2551",1,0.88906379340161,"nytimes","2018-10-29"
"416","text2555",1,0.710623639625926,"nytimes","2018-10-29"
"417","text2557",1,0.697489346628254,"nytimes","2018-10-29"
"418","text2565",1,0.790192924702889,"nytimes","2018-10-29"
"419","text2568",1,0.723364861017734,"nytimes","2018-10-29"
"420","text2571",1,0.692064034677202,"nytimes","2018-10-29"
"421","text2577",1,0.449788441894012,"nytimes","2018-10-29"
"422","text2578",1,0.474784629256326,"nytimes","2018-10-29"
"423","text2579",1,0.580445042928873,"nytimes","2018-10-29"
"424","text2611",1,0.761188213823129,"nytimes","2018-10-29"
"425","text2622",1,0.68883702611017,"nytimes","2018-10-29"
"426","text2630",1,0.936173259445671,"nytimes","2018-10-29"
"427","text2642",1,0.985731912269549,"nytimes","2018-10-29"
"428","text2643",1,0.667091212354346,"nytimes","2018-10-29"
"429","text2680",1,0.727203944401603,"nytimes","2018-10-29"
"430","text2886",1,0.391724032156871,"thehill","2018-10-29"
"431","text2924",1,0.257645934690816,"thehill","2018-10-29"
"432","text2925",1,0.580079325366542,"thehill","2018-10-29"
"433","text3036",1,0.374747042001355,"thinkprogress","2018-10-29"
"434","text3092",1,0.490935841834173,"townhall","2018-10-29"
"435","text3111",1,0.404793607941839,"vice","2018-10-29"
"436","text3116",1,0.625283904558318,"vice","2018-10-29"
"437","text3121",1,0.83981276338517,"vice","2018-10-29"
"438","text3124",1,0.831618276316426,"vice","2018-10-29"
"439","text3125",1,0.50385530307312,"vice","2018-10-29"
"440","text3127",1,0.94788011015782,"vice","2018-10-29"
"441","text3199",1,0.867733326270223,"washingtonpost","2018-10-29"
"442","text3211",1,0.616988300853755,"washingtonpost","2018-10-29"
"443","text3214",1,0.509553981684417,"washingtonpost","2018-10-29"
"444","text3229",1,0.911986844397377,"washingtonpost","2018-10-29"
"445","text3239",1,0.786145240266402,"washingtonpost","2018-10-29"
"446","text3302",1,0.859006584561956,"washingtonpost","2018-10-29"
"447","text147",2,0.367648801106031,"abcnews","2018-10-29"
"448","text182",2,0.770127447348195,"abcnews","2018-10-29"
"449","text223",2,0.608397664693795,"abcnews","2018-10-29"
"450","text397",2,0.585380222198631,"breitbart","2018-10-29"
"451","text461",2,0.459404617727807,"breitbart","2018-10-29"
"452","text1235",2,0.841676824181088,"foxnews","2018-10-29"
"453","text1706",2,0.354343302843477,"huffingtonpost","2018-10-29"
"454","text1799",2,0.515706355816005,"huffingtonpost","2018-10-29"
"455","text1801",2,0.931964864631605,"huffingtonpost","2018-10-29"
"456","text1870",2,0.560467241473631,"infowars","2018-10-29"
"457","text1871",2,0.667009984262186,"infowars","2018-10-29"
"458","text1886",2,0.581262068649614,"infowars","2018-10-29"
"459","text1893",2,0.949663486535731,"infowars","2018-10-29"
"460","text1899",2,0.491601757707278,"infowars","2018-10-29"
"461","text1905",2,0.745231478019152,"infowars","2018-10-29"
"462","text1936",2,0.889081906500086,"infowars","2018-10-29"
"463","text2018",2,0.618397037106662,"motherjones","2018-10-29"
"464","text2126",2,0.7356472945617,"newsweek","2018-10-29"
"465","text2160",2,0.907038186255477,"newsweek","2018-10-29"
"466","text2198",2,0.869073860773803,"newsweek","2018-10-29"
"467","text2246",2,0.673480327595508,"newsweek","2018-10-29"
"468","text2812",2,0.757381723049067,"politico","2018-10-29"
"469","text2912",2,0.759155017363005,"thehill","2018-10-29"
"470","text3030",2,0.342869077610397,"thinkprogress","2018-10-29"
"471","text3053",2,0.695215873631319,"thinkprogress","2018-10-29"
"472","text3311",2,0.429420443023104,"washingtonpost","2018-10-29"
"473","text106",3,0.982439080835691,"abcnews","2018-10-29"
"474","text114",3,0.604711402102194,"abcnews","2018-10-29"
"475","text120",3,0.678119941973532,"abcnews","2018-10-29"
"476","text132",3,0.872337648383911,"abcnews","2018-10-29"
"477","text136",3,0.745005614516009,"abcnews","2018-10-29"
"478","text157",3,0.841612178865341,"abcnews","2018-10-29"
"479","text159",3,0.813624957652469,"abcnews","2018-10-29"
"480","text160",3,0.661577631490472,"abcnews","2018-10-29"
"481","text161",3,0.55919903011647,"abcnews","2018-10-29"
"482","text164",3,0.970125128377109,"abcnews","2018-10-29"
"483","text169",3,0.763401939538009,"abcnews","2018-10-29"
"484","text243",3,0.688152695668058,"abcnews","2018-10-29"
"485","text394",3,0.413729205897743,"breitbart","2018-10-29"
"486","text443",3,0.579500957134959,"breitbart","2018-10-29"
"487","text459",3,0.807201474712677,"breitbart","2018-10-29"
"488","text460",3,0.581382099446633,"breitbart","2018-10-29"
"489","text513",3,0.673992214518016,"breitbart","2018-10-29"
"490","text714",3,0.986291798876908,"cnbc","2018-10-29"
"491","text1165",3,0.687745788045058,"foxnews","2018-10-29"
"492","text1179",3,0.45295254819485,"foxnews","2018-10-29"
"493","text1183",3,0.602933250823319,"foxnews","2018-10-29"
"494","text1188",3,0.936652143893778,"foxnews","2018-10-29"
"495","text1229",3,0.687283867865836,"foxnews","2018-10-29"
"496","text1234",3,0.505143729959853,"foxnews","2018-10-29"
"497","text1246",3,0.828705269689556,"foxnews","2018-10-29"
"498","text1259",3,0.848177307934628,"foxnews","2018-10-29"
"499","text1260",3,0.871082729395281,"foxnews","2018-10-29"
"500","text1266",3,0.841409969787626,"foxnews","2018-10-29"
"501","text1267",3,0.566597625770631,"foxnews","2018-10-29"
"502","text1273",3,0.763427826557297,"foxnews","2018-10-29"
"503","text1274",3,0.890873003795182,"foxnews","2018-10-29"
"504","text1275",3,0.788532182858215,"foxnews","2018-10-29"
"505","text1279",3,0.682680605075154,"foxnews","2018-10-29"
"506","text1280",3,0.836973153919972,"foxnews","2018-10-29"
"507","text1288",3,0.763315340880814,"foxnews","2018-10-29"
"508","text1289",3,0.70790982147802,"foxnews","2018-10-29"
"509","text1290",3,0.754258323669476,"foxnews","2018-10-29"
"510","text1291",3,0.889485166627174,"foxnews","2018-10-29"
"511","text1293",3,0.905093682039903,"foxnews","2018-10-29"
"512","text1295",3,0.50883586555006,"foxnews","2018-10-29"
"513","text1302",3,0.560387576264917,"foxnews","2018-10-29"
"514","text1348",3,0.602743014301887,"foxnews","2018-10-29"
"515","text1449",3,0.584019756681552,"foxnews","2018-10-29"
"516","text1452",3,0.755938776586697,"foxnews","2018-10-29"
"517","text1643",3,0.667815254974893,"huffingtonpost","2018-10-29"
"518","text1657",3,0.987483353822726,"huffingtonpost","2018-10-29"
"519","text1659",3,0.567239163486778,"huffingtonpost","2018-10-29"
"520","text1668",3,0.311289733093967,"huffingtonpost","2018-10-29"
"521","text1683",3,0.848117629254357,"huffingtonpost","2018-10-29"
"522","text1715",3,0.886383488970001,"huffingtonpost","2018-10-29"
"523","text1724",3,0.621944886993008,"huffingtonpost","2018-10-29"
"524","text1782",3,0.662565639747578,"huffingtonpost","2018-10-29"
"525","text1874",3,0.347930657731895,"infowars","2018-10-29"
"526","text2108",3,0.597977676837411,"newsweek","2018-10-29"
"527","text2112",3,0.609957799638211,"newsweek","2018-10-29"
"528","text2130",3,0.405874853222228,"newsweek","2018-10-29"
"529","text2132",3,0.757118904961761,"newsweek","2018-10-29"
"530","text2140",3,0.527090777412341,"newsweek","2018-10-29"
"531","text2154",3,0.896303455658458,"newsweek","2018-10-29"
"532","text2167",3,0.701401748918254,"newsweek","2018-10-29"
"533","text2182",3,0.697562491820447,"newsweek","2018-10-29"
"534","text2183",3,0.478554419983866,"newsweek","2018-10-29"
"535","text2197",3,0.624509196804379,"newsweek","2018-10-29"
"536","text2493",3,0.594874950596143,"nytimes","2018-10-29"
"537","text2564",3,0.496148711516507,"nytimes","2018-10-29"
"538","text2566",3,0.537356182420493,"nytimes","2018-10-29"
"539","text2588",3,0.395968287102167,"nytimes","2018-10-29"
"540","text2681",3,0.688996186249997,"nytimes","2018-10-29"
"541","text2801",3,0.615323952717099,"politico","2018-10-29"
"542","text2805",3,0.674428500622266,"politico","2018-10-29"
"543","text2809",3,0.597070736719628,"politico","2018-10-29"
"544","text2911",3,0.445316156705409,"thehill","2018-10-29"
"545","text2929",3,0.958520742370942,"thehill","2018-10-29"
"546","text3317",3,0.509757602553918,"washingtonpost","2018-10-29"
"547","text93",4,0.570404361596254,"abcnews","2018-10-29"
"548","text115",4,0.785496279138327,"abcnews","2018-10-29"
"549","text149",4,0.382086061101939,"abcnews","2018-10-29"
"550","text155",4,0.520007752620123,"abcnews","2018-10-29"
"551","text156",4,0.544145775894402,"abcnews","2018-10-29"
"552","text171",4,0.532917092091128,"abcnews","2018-10-29"
"553","text175",4,0.947814024504568,"abcnews","2018-10-29"
"554","text183",4,0.961251173399788,"abcnews","2018-10-29"
"555","text395",4,0.502742919900457,"breitbart","2018-10-29"
"556","text448",4,0.650468062314109,"breitbart","2018-10-29"
"557","text471",4,0.569318163709135,"breitbart","2018-10-29"
"558","text482",4,0.523368984610315,"breitbart","2018-10-29"
"559","text483",4,0.766072700122266,"breitbart","2018-10-29"
"560","text515",4,0.619265466196962,"breitbart","2018-10-29"
"561","text584",4,0.470985096811496,"breitbart","2018-10-29"
"562","text766",4,0.756732354775645,"cnbc","2018-10-29"
"563","text767",4,0.56842051164869,"cnbc","2018-10-29"
"564","text780",4,0.668621813871046,"cnbc","2018-10-29"
"565","text783",4,0.863657797172849,"cnbc","2018-10-29"
"566","text816",4,0.708640850899284,"cnbc","2018-10-29"
"567","text959",4,0.399766212819754,"dailykos","2018-10-29"
"568","text965",4,0.44022744766752,"dailykos","2018-10-29"
"569","text967",4,0.767013570397408,"dailykos","2018-10-29"
"570","text978",4,0.584026319866619,"dailykos","2018-10-29"
"571","text1197",4,0.472744425643903,"foxnews","2018-10-29"
"572","text1292",4,0.89002298096689,"foxnews","2018-10-29"
"573","text1296",4,0.795576577214131,"foxnews","2018-10-29"
"574","text1464",4,0.753682232274843,"foxnews","2018-10-29"
"575","text1467",4,0.642204508013458,"foxnews","2018-10-29"
"576","text1647",4,0.567146353781314,"huffingtonpost","2018-10-29"
"577","text1650",4,0.83647662763566,"huffingtonpost","2018-10-29"
"578","text1693",4,0.397945826718778,"huffingtonpost","2018-10-29"
"579","text1713",4,0.674542944955243,"huffingtonpost","2018-10-29"
"580","text1780",4,0.714077936552648,"huffingtonpost","2018-10-29"
"581","text1791",4,0.527256558187122,"huffingtonpost","2018-10-29"
"582","text2014",4,0.670353282847705,"motherjones","2018-10-29"
"583","text2115",4,0.4042165528147,"newsweek","2018-10-29"
"584","text2142",4,0.516238643758309,"newsweek","2018-10-29"
"585","text2147",4,0.506060863781508,"newsweek","2018-10-29"
"586","text2150",4,0.391333269338176,"newsweek","2018-10-29"
"587","text2173",4,0.526687544389252,"newsweek","2018-10-29"
"588","text2179",4,0.688941427791492,"newsweek","2018-10-29"
"589","text2180",4,0.552345127886466,"newsweek","2018-10-29"
"590","text2181",4,0.822824994821266,"newsweek","2018-10-29"
"591","text2192",4,0.860630231879486,"newsweek","2018-10-29"
"592","text2607",4,0.494532290448285,"nytimes","2018-10-29"
"593","text2654",4,0.527910485559723,"nytimes","2018-10-29"
"594","text2682",4,0.593498911248735,"nytimes","2018-10-29"
"595","text2808",4,0.87437908141788,"politico","2018-10-29"
"596","text2813",4,0.503450204890683,"politico","2018-10-29"
"597","text2814",4,0.832908468669234,"politico","2018-10-29"
"598","text2832",4,0.394767000889696,"politico","2018-10-29"
"599","text2894",4,0.594978505267749,"thehill","2018-10-29"
"600","text2897",4,0.455014466782812,"thehill","2018-10-29"
"601","text2898",4,0.480273234168497,"thehill","2018-10-29"
"602","text2899",4,0.600623787337443,"thehill","2018-10-29"
"603","text2900",4,0.904810885812933,"thehill","2018-10-29"
"604","text2904",4,0.732442675626458,"thehill","2018-10-29"
"605","text2907",4,0.557112909051736,"thehill","2018-10-29"
"606","text2908",4,0.40037178536407,"thehill","2018-10-29"
"607","text2915",4,0.569492861743631,"thehill","2018-10-29"
"608","text2927",4,0.493729387970937,"thehill","2018-10-29"
"609","text2928",4,0.972894922546386,"thehill","2018-10-29"
"610","text2933",4,0.931274495438269,"thehill","2018-10-29"
"611","text2935",4,0.920212151435404,"thehill","2018-10-29"
"612","text2942",4,0.620409302815997,"thehill","2018-10-29"
"613","text2946",4,0.541778967022424,"thehill","2018-10-29"
"614","text2953",4,0.869011075642741,"thehill","2018-10-29"
"615","text2955",4,0.800691363572218,"thehill","2018-10-29"
"616","text2957",4,0.518054985526726,"thehill","2018-10-29"
"617","text3046",4,0.769053206389992,"thinkprogress","2018-10-29"
"618","text3051",4,0.56166203214293,"thinkprogress","2018-10-29"
"619","text3052",4,0.866817285935263,"thinkprogress","2018-10-29"
"620","text3058",4,0.341547103088065,"thinkprogress","2018-10-29"
"621","text3086",4,0.320887888433615,"townhall","2018-10-29"
"622","text3223",4,0.439701318124392,"washingtonpost","2018-10-29"
"623","text3259",4,0.752798698457702,"washingtonpost","2018-10-29"
"624","text3260",4,0.322938457738694,"washingtonpost","2018-10-29"
"625","text3321",4,0.568562911670428,"washingtonpost","2018-10-29"
"626","text3326",4,0.575876532364204,"washingtonpost","2018-10-29"
"627","text92",5,0.822490760756091,"abcnews","2018-10-29"
"628","text165",5,0.746802878962433,"abcnews","2018-10-29"
"629","text401",5,0.390129711486157,"breitbart","2018-10-29"
"630","text430",5,0.90005799861275,"breitbart","2018-10-29"
"631","text470",5,0.576035554112482,"breitbart","2018-10-29"
"632","text500",5,0.402248784076609,"breitbart","2018-10-29"
"633","text1017",5,0.604922064909642,"dailykos","2018-10-29"
"634","text1169",5,0.523436203006135,"foxnews","2018-10-29"
"635","text1174",5,0.523436203006135,"foxnews","2018-10-29"
"636","text1212",5,0.679029308966686,"foxnews","2018-10-29"
"637","text1375",5,0.431762511979212,"foxnews","2018-10-29"
"638","text1654",5,0.887675043543296,"huffingtonpost","2018-10-29"
"639","text1658",5,0.607238375424036,"huffingtonpost","2018-10-29"
"640","text1775",5,0.509764239759351,"huffingtonpost","2018-10-29"
"641","text1783",5,0.58312519781246,"huffingtonpost","2018-10-29"
"642","text1804",5,0.597381118655813,"huffingtonpost","2018-10-29"
"643","text2006",5,0.408270568467075,"motherjones","2018-10-29"
"644","text2128",5,0.877973138310263,"newsweek","2018-10-29"
"645","text2162",5,0.543953344518933,"newsweek","2018-10-29"
"646","text2168",5,0.397386519739863,"newsweek","2018-10-29"
"647","text2389",5,0.627759379416779,"newyorker","2018-10-29"
"648","text2492",5,0.528880778689659,"nytimes","2018-10-29"
"649","text2553",5,0.553963984078837,"nytimes","2018-10-29"
"650","text2655",5,0.767776242117816,"nytimes","2018-10-29"
"651","text2678",5,0.520372340371432,"nytimes","2018-10-29"
"652","text3041",5,0.392618599603132,"thinkprogress","2018-10-29"
"653","text3045",5,0.325499294804456,"thinkprogress","2018-10-29"
"654","text3195",5,0.318197581989134,"washingtonpost","2018-10-29"
"655","text3212",5,0.470788416335754,"washingtonpost","2018-10-29"
"656","text3244",5,0.55945788481957,"washingtonpost","2018-10-29"
"657","text3254",5,0.563992306658457,"washingtonpost","2018-10-29"
"658","text247",1,0.498059401976936,"abcnews","2018-10-30"
"659","text265",1,0.61352099858693,"abcnews","2018-10-30"
"660","text507",1,0.650157976699628,"breitbart","2018-10-30"
"661","text514",1,0.417856621507784,"breitbart","2018-10-30"
"662","text527",1,0.601630850671993,"breitbart","2018-10-30"
"663","text537",1,0.79371111542622,"breitbart","2018-10-30"
"664","text557",1,0.485180062794359,"breitbart","2018-10-30"
"665","text564",1,0.870031238593575,"breitbart","2018-10-30"
"666","text571",1,0.413876947315446,"breitbart","2018-10-30"
"667","text595",1,0.468569474420655,"breitbart","2018-10-30"
"668","text608",1,0.525265585827026,"breitbart","2018-10-30"
"669","text629",1,0.528618129383552,"breitbart","2018-10-30"
"670","text906",1,0.609663781086059,"cnbc","2018-10-30"
"671","text988",1,0.406726138583733,"dailykos","2018-10-30"
"672","text1019",1,0.532753831718256,"dailykos","2018-10-30"
"673","text1315",1,0.671788834836911,"foxnews","2018-10-30"
"674","text1329",1,0.287571293402378,"foxnews","2018-10-30"
"675","text1360",1,0.528400921983065,"foxnews","2018-10-30"
"676","text1416",1,0.575925597599137,"foxnews","2018-10-30"
"677","text1439",1,0.47587557174641,"foxnews","2018-10-30"
"678","text1461",1,0.515032876611623,"foxnews","2018-10-30"
"679","text1472",1,0.387382647047155,"foxnews","2018-10-30"
"680","text1481",1,0.919786946186153,"foxnews","2018-10-30"
"681","text1484",1,0.535207990447648,"foxnews","2018-10-30"
"682","text1485",1,0.496094227251426,"foxnews","2018-10-30"
"683","text1519",1,0.356812707673835,"foxnews","2018-10-30"
"684","text1752",1,0.296169622838674,"huffingtonpost","2018-10-30"
"685","text1761",1,0.571168484963489,"huffingtonpost","2018-10-30"
"686","text1777",1,0.747582338122709,"huffingtonpost","2018-10-30"
"687","text1795",1,0.743900614544815,"huffingtonpost","2018-10-30"
"688","text1827",1,0.471696709972308,"huffingtonpost","2018-10-30"
"689","text2021",1,0.750227390044586,"motherjones","2018-10-30"
"690","text2031",1,0.550316518562612,"motherjones","2018-10-30"
"691","text2215",1,0.536367888049804,"newsweek","2018-10-30"
"692","text2247",1,0.483925007595387,"newsweek","2018-10-30"
"693","text2250",1,0.597863644812259,"newsweek","2018-10-30"
"694","text2288",1,0.943211250992249,"newsweek","2018-10-30"
"695","text2297",1,0.824072853299368,"newsweek","2018-10-30"
"696","text2309",1,0.628512352668542,"newsweek","2018-10-30"
"697","text2394",1,0.56941122086352,"newyorker","2018-10-30"
"698","text2406",1,0.882109264976649,"newyorker","2018-10-30"
"699","text2627",1,0.392700441469991,"nytimes","2018-10-30"
"700","text2629",1,0.761549492107853,"nytimes","2018-10-30"
"701","text2646",1,0.851441907991616,"nytimes","2018-10-30"
"702","text2666",1,0.925886159596787,"nytimes","2018-10-30"
"703","text2667",1,0.806265061261094,"nytimes","2018-10-30"
"704","text2673",1,0.638374841384426,"nytimes","2018-10-30"
"705","text2679",1,0.468270131985197,"nytimes","2018-10-30"
"706","text2698",1,0.515980760343148,"nytimes","2018-10-30"
"707","text2701",1,0.899451159813141,"nytimes","2018-10-30"
"708","text2705",1,0.602046757219576,"nytimes","2018-10-30"
"709","text2714",1,0.733019300048239,"nytimes","2018-10-30"
"710","text2720",1,0.625543181924886,"nytimes","2018-10-30"
"711","text2740",1,0.883664176715891,"nytimes","2018-10-30"
"712","text2741",1,0.887149705423398,"nytimes","2018-10-30"
"713","text2743",1,0.604402581753521,"nytimes","2018-10-30"
"714","text2746",1,0.853131588917424,"nytimes","2018-10-30"
"715","text2757",1,0.749213193780183,"nytimes","2018-10-30"
"716","text2760",1,0.885640020833924,"nytimes","2018-10-30"
"717","text2761",1,0.878318408093909,"nytimes","2018-10-30"
"718","text2764",1,0.773458082459287,"nytimes","2018-10-30"
"719","text2819",1,0.8009918140685,"politico","2018-10-30"
"720","text2835",1,0.406126467177065,"politico","2018-10-30"
"721","text2836",1,0.576841565796466,"politico","2018-10-30"
"722","text2958",1,0.373270688517871,"thehill","2018-10-30"
"723","text2965",1,0.715414455670064,"thehill","2018-10-30"
"724","text2978",1,0.405591114329364,"thehill","2018-10-30"
"725","text2992",1,0.367729010787352,"thehill","2018-10-30"
"726","text2993",1,0.456918022942632,"thehill","2018-10-30"
"727","text3100",1,0.965093984297681,"townhall","2018-10-30"
"728","text3130",1,0.876068145506513,"vice","2018-10-30"
"729","text3136",1,0.934772571931834,"vice","2018-10-30"
"730","text3138",1,0.816767604633128,"vice","2018-10-30"
"731","text3141",1,0.494603882070691,"vice","2018-10-30"
"732","text3267",1,0.815642282300947,"washingtonpost","2018-10-30"
"733","text3282",1,0.569787841669832,"washingtonpost","2018-10-30"
"734","text3283",1,0.462246001239193,"washingtonpost","2018-10-30"
"735","text3285",1,0.451063845448613,"washingtonpost","2018-10-30"
"736","text3288",1,0.955678247332908,"washingtonpost","2018-10-30"
"737","text3294",1,0.589480142833735,"washingtonpost","2018-10-30"
"738","text3324",1,0.848744015873097,"washingtonpost","2018-10-30"
"739","text3330",1,0.849026293992081,"washingtonpost","2018-10-30"
"740","text3334",1,0.849429547966736,"washingtonpost","2018-10-30"
"741","text3336",1,0.791100542617414,"washingtonpost","2018-10-30"
"742","text3344",1,0.665304599037807,"washingtonpost","2018-10-30"
"743","text3353",1,0.914079426047649,"washingtonpost","2018-10-30"
"744","text216",2,0.471366550507676,"abcnews","2018-10-30"
"745","text222",2,0.809069329947782,"abcnews","2018-10-30"
"746","text496",2,0.459748312250629,"breitbart","2018-10-30"
"747","text551",2,0.81761082316572,"breitbart","2018-10-30"
"748","text552",2,0.930823829990571,"breitbart","2018-10-30"
"749","text558",2,0.442128776911904,"breitbart","2018-10-30"
"750","text613",2,0.474349011548409,"breitbart","2018-10-30"
"751","text616",2,0.459444794552457,"breitbart","2018-10-30"
"752","text1404",2,0.841035872315116,"foxnews","2018-10-30"
"753","text1927",2,0.745852595476972,"infowars","2018-10-30"
"754","text1947",2,0.766400723374918,"infowars","2018-10-30"
"755","text1954",2,0.732308049262043,"infowars","2018-10-30"
"756","text1966",2,0.725522434005271,"infowars","2018-10-30"
"757","text1989",2,0.931662967829813,"infowars","2018-10-30"
"758","text2020",2,0.567480832659523,"motherjones","2018-10-30"
"759","text2235",2,0.484434383482555,"newsweek","2018-10-30"
"760","text2405",2,0.426271798670547,"newyorker","2018-10-30"
"761","text211",3,0.65488698562453,"abcnews","2018-10-30"
"762","text220",3,0.568484443470338,"abcnews","2018-10-30"
"763","text254",3,0.739904470830565,"abcnews","2018-10-30"
"764","text256",3,0.682224885093939,"abcnews","2018-10-30"
"765","text257",3,0.585289269258683,"abcnews","2018-10-30"
"766","text258",3,0.535583145168966,"abcnews","2018-10-30"
"767","text285",3,0.419886130911236,"abcnews","2018-10-30"
"768","text299",3,0.302089327153741,"abcnews","2018-10-30"
"769","text545",3,0.459252522425514,"breitbart","2018-10-30"
"770","text619",3,0.586369129659962,"breitbart","2018-10-30"
"771","text841",3,0.65488698562453,"cnbc","2018-10-30"
"772","text1327",3,0.780280989636239,"foxnews","2018-10-30"
"773","text1345",3,0.371445003876053,"foxnews","2018-10-30"
"774","text1352",3,0.546138273116895,"foxnews","2018-10-30"
"775","text1368",3,0.487687765376295,"foxnews","2018-10-30"
"776","text1380",3,0.482470626688028,"foxnews","2018-10-30"
"777","text1382",3,0.662528473079268,"foxnews","2018-10-30"
"778","text1421",3,0.761704589404062,"foxnews","2018-10-30"
"779","text1436",3,0.784337386335418,"foxnews","2018-10-30"
"780","text1438",3,0.458168061085341,"foxnews","2018-10-30"
"781","text1455",3,0.855302347355493,"foxnews","2018-10-30"
"782","text1457",3,0.746433809747707,"foxnews","2018-10-30"
"783","text1527",3,0.892735451749961,"foxnews","2018-10-30"
"784","text1531",3,0.616902532884173,"foxnews","2018-10-30"
"785","text1544",3,0.735737895503258,"foxnews","2018-10-30"
"786","text1746",3,0.338891641150144,"huffingtonpost","2018-10-30"
"787","text1748",3,0.782658276726143,"huffingtonpost","2018-10-30"
"788","text1763",3,0.751843666864249,"huffingtonpost","2018-10-30"
"789","text1797",3,0.434646649616084,"huffingtonpost","2018-10-30"
"790","text1806",3,0.471052039877944,"huffingtonpost","2018-10-30"
"791","text1807",3,0.479135062088582,"huffingtonpost","2018-10-30"
"792","text1831",3,0.532002256430462,"huffingtonpost","2018-10-30"
"793","text2219",3,0.39330594351266,"newsweek","2018-10-30"
"794","text2261",3,0.430918656274834,"newsweek","2018-10-30"
"795","text2268",3,0.392036392970179,"newsweek","2018-10-30"
"796","text2272",3,0.482757730301861,"newsweek","2018-10-30"
"797","text2294",3,0.698372307945089,"newsweek","2018-10-30"
"798","text2296",3,0.434788900886934,"newsweek","2018-10-30"
"799","text2304",3,0.908305954561672,"newsweek","2018-10-30"
"800","text2650",3,0.509443088048262,"nytimes","2018-10-30"
"801","text2677",3,0.56060272652473,"nytimes","2018-10-30"
"802","text2711",3,0.580485956561969,"nytimes","2018-10-30"
"803","text2722",3,0.332282022518248,"nytimes","2018-10-30"
"804","text2734",3,0.5680544813355,"nytimes","2018-10-30"
"805","text2744",3,0.502198235737031,"nytimes","2018-10-30"
"806","text2837",3,0.366440699574247,"politico","2018-10-30"
"807","text2999",3,0.774034991681508,"thehill","2018-10-30"
"808","text3004",3,0.389218047815883,"thehill","2018-10-30"
"809","text237",4,0.27810649322828,"abcnews","2018-10-30"
"810","text274",4,0.534252984496196,"abcnews","2018-10-30"
"811","text280",4,0.580572171042248,"abcnews","2018-10-30"
"812","text540",4,0.58909538095013,"breitbart","2018-10-30"
"813","text559",4,0.478922753631534,"breitbart","2018-10-30"
"814","text561",4,0.671862043443443,"breitbart","2018-10-30"
"815","text570",4,0.432623016114458,"breitbart","2018-10-30"
"816","text887",4,0.702503197858615,"cnbc","2018-10-30"
"817","text990",4,0.750364241071142,"dailykos","2018-10-30"
"818","text1000",4,0.307058499039177,"dailykos","2018-10-30"
"819","text1004",4,0.345773819128549,"dailykos","2018-10-30"
"820","text1010",4,0.477200436583649,"dailykos","2018-10-30"
"821","text1364",4,0.373959917759851,"foxnews","2018-10-30"
"822","text1429",4,0.591676421101047,"foxnews","2018-10-30"
"823","text1431",4,0.617635277211298,"foxnews","2018-10-30"
"824","text1432",4,0.497753317837118,"foxnews","2018-10-30"
"825","text1453",4,0.575683964749676,"foxnews","2018-10-30"
"826","text1471",4,0.689889316781484,"foxnews","2018-10-30"
"827","text1496",4,0.813569519363821,"foxnews","2018-10-30"
"828","text1507",4,0.495311378729198,"foxnews","2018-10-30"
"829","text1547",4,0.530068180044959,"foxnews","2018-10-30"
"830","text1551",4,0.392959070310134,"foxnews","2018-10-30"
"831","text1728",4,0.719537891456123,"huffingtonpost","2018-10-30"
"832","text1736",4,0.53229945601856,"huffingtonpost","2018-10-30"
"833","text1781",4,0.352641609293834,"huffingtonpost","2018-10-30"
"834","text1787",4,0.709761869465183,"huffingtonpost","2018-10-30"
"835","text2034",4,0.388400001432375,"motherjones","2018-10-30"
"836","text2035",4,0.30356594764073,"motherjones","2018-10-30"
"837","text2234",4,0.567229577823296,"newsweek","2018-10-30"
"838","text2282",4,0.447545969439756,"newsweek","2018-10-30"
"839","text2283",4,0.477983476562512,"newsweek","2018-10-30"
"840","text2312",4,0.627183256939112,"newsweek","2018-10-30"
"841","text2313",4,0.868479477552321,"newsweek","2018-10-30"
"842","text2346",4,0.340505891803026,"newsweek","2018-10-30"
"843","text2348",4,0.434431665057346,"newsweek","2018-10-30"
"844","text2676",4,0.360564420365457,"nytimes","2018-10-30"
"845","text2690",4,0.503669619340678,"nytimes","2018-10-30"
"846","text2731",4,0.575198682058445,"nytimes","2018-10-30"
"847","text2747",4,0.520908575117839,"nytimes","2018-10-30"
"848","text2833",4,0.587130117688817,"politico","2018-10-30"
"849","text2834",4,0.649044358943414,"politico","2018-10-30"
"850","text2969",4,0.740728360447365,"thehill","2018-10-30"
"851","text2971",4,0.73404909494095,"thehill","2018-10-30"
"852","text2973",4,0.4137526676739,"thehill","2018-10-30"
"853","text2975",4,0.566774785322858,"thehill","2018-10-30"
"854","text2977",4,0.746705304280738,"thehill","2018-10-30"
"855","text2980",4,0.370220903471709,"thehill","2018-10-30"
"856","text2984",4,0.576086668432204,"thehill","2018-10-30"
"857","text2994",4,0.502406639445813,"thehill","2018-10-30"
"858","text3001",4,0.584184193338584,"thehill","2018-10-30"
"859","text3007",4,0.586835453763698,"thehill","2018-10-30"
"860","text3008",4,0.604793568297468,"thehill","2018-10-30"
"861","text3011",4,0.580964741969038,"thehill","2018-10-30"
"862","text3014",4,0.331126658385261,"thehill","2018-10-30"
"863","text3055",4,0.53696060966147,"thinkprogress","2018-10-30"
"864","text3067",4,0.528359116396824,"thinkprogress","2018-10-30"
"865","text3106",4,0.519992730338568,"townhall","2018-10-30"
"866","text3107",4,0.489526677497449,"townhall","2018-10-30"
"867","text3140",4,0.411922454552097,"vice","2018-10-30"
"868","text3300",4,0.436307864336898,"washingtonpost","2018-10-30"
"869","text3348",4,0.386238870366435,"washingtonpost","2018-10-30"
"870","text3355",4,0.374349664263449,"washingtonpost","2018-10-30"
"871","text1025",5,0.411043534093764,"dailykos","2018-10-30"
"872","text1448",5,0.519284632678659,"foxnews","2018-10-30"
"873","text1749",5,0.729535891008228,"huffingtonpost","2018-10-30"
"874","text1767",5,0.558765378220578,"huffingtonpost","2018-10-30"
"875","text1776",5,0.453934253920197,"huffingtonpost","2018-10-30"
"876","text1813",5,0.710472935435417,"huffingtonpost","2018-10-30"
"877","text1825",5,0.616274522410739,"huffingtonpost","2018-10-30"
"878","text1935",5,0.452451180737362,"infowars","2018-10-30"
"879","text2212",5,0.568094539606296,"newsweek","2018-10-30"
"880","text2249",5,0.36835292428512,"newsweek","2018-10-30"
"881","text2263",5,0.324494606208727,"newsweek","2018-10-30"
"882","text2671",5,0.514983466702663,"nytimes","2018-10-30"
"883","text2988",5,0.327071081053008,"thehill","2018-10-30"
"884","text3054",5,0.522674409827766,"thinkprogress","2018-10-30"
"885","text3128",5,0.419709793630799,"vice","2018-10-30"
"886","text3309",5,0.677012191577267,"washingtonpost","2018-10-30"
